Depth (m),qc (MPa),qt (MPa),fs (kPa),u (kPa),u0 (kPa)
0.13,-8888,0,-8888,-8888,0
0.15,-8888,0,-8888,-8888,0
0.17,-8888,0,-8888,-8888,0
0.2,-8888,0,-8888,-8888,0
0.23,-8888,0,-8888,-8888,0
0.25,-8888,0,-8888,-8888,0
0.28,-8888,0,-8888,-8888,0
0.3,-8888,0,-8888,-8888,0
0.33,-8888,0,-8888,-8888,0
0.35,-8888,0,-8888,-8888,0
0.38,-8888,0,-8888,-8888,0
0.4,-8888,0,-8888,-8888,0
0.42,-8888,0,-8888,-8888,0
0.45,-8888,0,-8888,-8888,0
0.47,-8888,0,-8888,-8888,0
0.5,-8888,0,-8888,-8888,0
0.53,-8888,0,-8888,-8888,0
0.55,-8888,0,-8888,-8888,0
0.57,-8888,0,-8888,-8888,0
0.6,-8888,0,-8888,-8888,0
0.63,-8888,0,-8888,-8888,0
0.65,-8888,0,-8888,-8888,0
0.68,-8888,0,-8888,-8888,0
0.7,-8888,0,-8888,-8888,0
0.72,-8888,0,-8888,-8888,0
0.75,-8888,0,-8888,-8888,0
0.78,-8888,0,-8888,-8888,0
0.8,-8888,0,-8888,-8888,0
0.82,-8888,0,-8888,-8888,0
0.85,-8888,0,-8888,-8888,0
0.88,-8888,0,-8888,-8888,0
0.9,-8888,0,-8888,-8888,0
0.93,-8888,0,-8888,-8888,0
0.95,-8888,0,-8888,-8888,0
0.97,-8888,0,-8888,-8888,0
1,-8888,0,-8888,-8888,0
1.02,-8888,0,-8888,-8888,0
1.05,-8888,0,-8888,-8888,0
1.07,-8888,0,-8888,-8888,0
1.1,-8888,0,-8888,-8888,0
1.13,-8888,0,-8888,-8888,0
1.15,-8888,0,-8888,-8888,0
1.18,-8888,0,-8888,-8888,0
1.2,-8888,0,-8888,-8888,0
1.23,-8888,0,-8888,-8888,0
1.25,-8888,0,-8888,-8888,0
1.27,-8888,0,-8888,-8888,0
1.3,-8888,0,-8888,-8888,0
1.32,-8888,0,-8888,-8888,0
1.35,-8888,0,-8888,-8888,0
1.38,-8888,0,-8888,-8888,0
1.4,-8888,0,-8888,-8888,0
1.43,-8888,0,-8888,-8888,0
1.45,-8888,0,-8888,-8888,0
1.48,-8888,0,-8888,-8888,0
1.5,-8888,0,-8888,-8888,0
1.52,1.75,2.22,-8888,168.93,0.01
1.55,4.86,4.31,-8888,17.46,0.03
1.57,6.28,5.57,-8888,15.4,0.04
1.6,5.54,5.71,-8888,39.93,0.05
1.63,5.28,5.22,20.63,9.32,0.06
1.65,4.82,5.45,24.3,22.27,0.07
1.68,6.24,4.97,35.77,-1.67,0.09
1.7,3.86,4.36,26.95,-6.57,0.1
1.73,2.99,2.99,57.87,8.14,0.11
1.75,2.12,2.41,41.12,-0.29,0.13
1.77,2.13,2.17,33.23,-0.49,0.14
1.8,2.27,2.32,30.2,2.06,0.15
1.82,2.58,2.56,22.21,0.98,0.16
1.85,2.83,2.77,26.06,0.39,0.17
1.88,2.91,2.68,26.17,3.63,0.19
1.9,2.29,2.42,54.55,2.45,0.2
1.93,2.04,2.07,58.8,30.71,0.21
1.95,1.88,2.1,18.67,9.81,0.23
1.98,2.36,2.24,41.61,8.63,0.24
2,2.47,2.39,47.2,35.02,0.25
2.02,2.34,2.58,60.59,-0.59,0.26
2.05,2.95,3.35,54.41,1.37,0.28
2.08,4.77,4.92,38.77,-1.47,0.29
2.1,7.05,6.98,23.12,0.69,0.3
2.13,9.11,8.68,33.3,1.18,0.31
2.15,9.87,10.12,38.8,0.88,0.33
2.17,11.37,10.49,44.29,12.85,0.34
2.2,10.23,10.21,52.45,-0.39,0.35
2.23,9.04,8.74,72.97,1.57,0.36
2.25,6.96,8.42,37.75,-0.59,0.38
2.27,9.25,8.63,79.95,61.31,0.39
2.3,9.67,8.09,154.46,2.26,0.4
2.33,5.33,7.04,69.89,21.97,0.41
2.35,6.1,6.28,69.83,6.57,0.42
2.38,7.41,6.82,78.72,13.54,0.44
2.4,6.94,6.06,61.44,-2.94,0.45
2.42,3.82,5.06,83.1,-4.81,0.46
2.45,4.41,5.16,58.96,9.61,0.47
2.48,7.23,6.52,103.83,20.11,0.49
2.5,7.92,7.92,128.78,1.67,0.5
2.52,8.61,9.88,153.73,3.63,0.51
2.55,13.1,11.64,178.68,10.59,0.53
2.58,13.21,11.64,256.22,7.26,0.54
2.6,8.59,8.94,266.01,31.98,0.55
2.63,4.98,6.52,417.32,54.54,0.56
2.65,5.96,5.67,391,9.22,0.57
2.67,6.05,6.2,329.22,1.67,0.59
2.7,6.58,6.92,269.08,22.96,0.6
2.73,8.12,7.22,151.95,13.54,0.61
2.75,6.95,7.44,178.3,3.63,0.63
2.77,7.26,7.68,187.88,2.06,0.64
2.8,8.83,8.51,95.14,8.53,0.65
2.83,9.44,9.05,122.24,8.83,0.66
2.85,8.89,8.6,122.12,-0.98,0.68
2.88,7.46,8.44,116.07,7.65,0.69
2.9,8.98,9.99,153.65,9.71,0.7
2.92,13.54,12.9,219.71,7.75,0.71
2.95,16.18,16.89,207.64,15.5,0.72
2.98,20.93,17.83,202.86,26.09,0.74
3,16.37,19.52,202.95,19.52,0.75
3.02,21.26,20.28,216.46,1.37,0.76
3.05,23.22,23.11,453.21,-14.03,0.78
3.08,24.86,22.49,556.75,7.26,0.79
3.1,19.41,20.24,386.75,-0.59,0.8
3.13,16.46,21.03,351.71,0.88,0.81
3.15,27.22,26.14,316.67,1.18,0.82
3.17,34.74,31.16,281.63,3.24,0.84
3.2,31.52,30.76,246.58,2.55,0.85
3.23,26.01,25.59,470.52,3.73,0.86
3.25,19.25,20.3,587.42,5.98,0.88
3.27,15.63,16.9,569.5,9.91,0.89
3.3,15.81,15.61,683.38,12.46,0.9
3.33,15.37,15.17,529.58,13.05,0.91
3.35,14.31,14.96,413.27,30.21,0.93
3.38,15.19,14.43,299.73,-3.92,0.94
3.4,13.78,14.49,500.56,3.04,0.95
3.42,14.5,14.35,309.57,8.93,0.96
3.45,14.76,14.06,188.68,7.95,0.97
3.48,12.92,12.88,147.92,20.7,0.99
3.5,10.96,10.96,98.83,25.31,1
3.52,8.97,8.98,61.41,96.04,1.01
3.55,6.98,6.99,23.99,60.82,1.02
3.58,4.98,5.98,32.3,71.51,1.04
3.6,5.96,5.57,48.9,53.76,1.05
3.63,5.75,6.11,52.57,38.16,1.06
3.65,6.62,6.19,78.28,12.95,1.07
3.67,6.19,6.64,72.95,10.59,1.09
3.7,7.12,7.29,97.88,12.46,1.1
3.73,8.55,10.4,96.6,11.67,1.11
3.75,15.53,13.26,222.99,19.23,1.13
3.77,15.7,17.33,254.66,15.3,1.14
3.8,20.76,20.05,156.3,21.19,1.15
3.83,23.67,24.55,209.02,15.21,1.16
3.85,29.21,21.05,225.11,12.26,1.18
3.88,10.27,19.55,89.93,-4.22,1.19
3.9,19.16,16.81,186.98,3.63,1.2
3.92,20.98,20.38,173.17,52.78,1.21
3.95,20.98,17.93,173.17,52.78,1.23
3.98,11.79,14.54,467.42,24.52,1.24
4,10.84,10.78,485.57,16.97,1.25
4.03,9.7,10.12,496.35,14.32,1.26
4.05,9.81,9.74,507.81,17.76,1.27
4.08,9.71,8.29,510.51,8.93,1.29
4.1,5.33,6.65,493.08,18.34,1.3
4.13,4.9,5.11,421.56,15.3,1.31
4.15,5.08,4.61,211.65,11.09,1.32
4.17,3.84,3.98,142.08,7.06,1.34
4.2,3.01,3.01,139.78,6.97,1.35
4.22,2.18,2.02,141.49,-12.36,1.36
4.25,0.88,1.26,91.5,5.69,1.38
4.28,0.74,0.77,56.68,12.07,1.39
4.3,0.69,0.75,60.93,12.26,1.4
4.33,0.82,0.76,39.37,26,1.41
4.35,0.75,0.79,38.98,25.11,1.43
4.38,0.78,0.83,37.55,23.35,1.44
4.4,0.96,0.95,35.14,23.64,1.45
4.42,1.11,1.09,24.72,22.46,1.46
4.45,1.19,1.22,23.96,21.09,1.48
4.47,1.36,1.18,26.62,-5.2,1.49
4.5,1,1.21,31.16,1.37,1.5
4.53,1.27,1.27,30.82,-3.14,1.51
4.55,1.53,1.4,30.48,29.23,1.52
4.58,1.39,1.52,23.91,52.68,1.54
4.6,1.64,1.61,22.49,10.99,1.55
4.63,1.79,2.12,25.16,9.52,1.56
4.65,2.93,3.49,31.95,8.04,1.57
4.67,5.74,5.09,42.93,17.56,1.59
4.7,6.59,6.39,54.54,29.14,1.6
4.72,6.82,5.44,101.88,30.12,1.61
4.75,2.91,4.28,79.58,0.69,1.63
4.78,3.1,3.43,70.1,13.83,1.64
4.8,4.27,3.27,61.69,15.5,1.65
4.83,2.42,2.91,72.65,9.42,1.66
4.85,2.02,2.06,89.44,1.67,1.68
4.88,1.73,2.14,82.45,3.73,1.69
4.9,2.66,2.71,83.43,9.12,1.7
4.92,3.72,3.2,63.62,13.05,1.71
4.95,3.22,3.38,67.13,10.5,1.73
4.97,3.19,3.47,79.08,9.52,1.74
5,3.99,3.74,56.14,15.5,1.75
5.03,4.03,3.68,52.03,12.16,1.76
5.05,3.01,3.23,63.25,9.61,1.77
5.08,2.63,2.67,60.15,10.4,1.79
5.1,2.35,2.42,65.47,10.4,1.8
5.13,2.29,2.18,53.06,12.26,1.81
5.15,1.9,2.82,69.46,12.95,1.82
5.17,4.27,3.62,73.67,16.19,1.84
5.2,4.68,5.54,80.09,12.85,1.85
5.22,7.67,7.26,57.63,13.34,1.86
5.25,9.42,8.55,62.94,12.36,1.88
5.28,8.57,8.57,75.78,4.91,1.89
5.3,7.72,8.14,192.77,16.58,1.9
5.33,8.13,8.01,139.47,3.24,1.91
5.35,8.16,7.84,36.31,0.39,1.93
5.38,7.23,6.84,20.73,0.39,1.94
5.4,5.13,5.59,15.94,4.61,1.95
5.42,4.4,4.82,52.99,8.14,1.96
5.45,4.93,4.97,68.03,6.87,1.98
5.47,5.58,5.11,65.42,8.53,1.99
5.5,4.83,6.18,69.21,9.03,2
5.53,8.13,8.38,105.37,16.38,0
5.55,12.19,6.77,130.53,1.86,0
5.58,0,4.06,0,-8888,0
5.6,0,0,0,-8888,0
5.63,0,0,0,-8888,0
5.65,0,0,0,-8888,0
5.67,-8888,0,-8888,-8888,0
5.7,-8888,0,-8888,-8888,0
5.72,-8888,0,-8888,-8888,0
5.75,-8888,0,-8888,-8888,0
5.78,-8888,0,-8888,-8888,0
5.8,-8888,0,-8888,-8888,0
5.83,-8888,0,-8888,-8888,0
5.85,-8888,0,-8888,-8888,0
5.88,-8888,0,-8888,-8888,0
5.9,-8888,0,-8888,-8888,0
5.92,-8888,0,-8888,-8888,0
5.95,-8888,0,-8888,-8888,0
5.97,-8888,0,-8888,-8888,0
6,-8888,0,-8888,-8888,0
6.03,-8888,0,-8888,-8888,0
6.05,-8888,0,-8888,-8888,0
6.08,-8888,0,-8888,-8888,0
6.1,-8888,0,-8888,-8888,0
6.13,-8888,0,-8888,-8888,0
6.15,-8888,0,-8888,-8888,0
6.17,-8888,0,-8888,-8888,0
6.2,-8888,0,-8888,-8888,0
6.22,-8888,0,-8888,-8888,0
6.25,-8888,0,-8888,-8888,0
6.28,-8888,0,-8888,-8888,0
6.3,-8888,0,-8888,-8888,0
6.33,-8888,0,-8888,-8888,0
6.35,-8888,0,-8888,-8888,0
6.38,-8888,0,-8888,-8888,0
6.4,-8888,0,-8888,-8888,0
6.42,-8888,0,-8888,-8888,0
6.45,-8888,0,-8888,-8888,0
6.47,-8888,0,-8888,-8888,0
6.5,-8888,0,-8888,-8888,0
6.53,-8888,0,-8888,-8888,0
6.55,-8888,0,-8888,-8888,0
6.58,-8888,0,-8888,-8888,0
6.6,-8888,0,-8888,-8888,0
6.63,-8888,0,-8888,-8888,0
6.65,-8888,0,-8888,-8888,0
6.67,-8888,0,-8888,-8888,0
6.7,-8888,0,-8888,-8888,0
6.72,-8888,0,-8888,-8888,0
6.75,-8888,0,-8888,-8888,0
6.78,-8888,0,-8888,-8888,0
6.8,-8888,0,-8888,-8888,0
6.83,-8888,0,-8888,-8888,0
6.85,-8888,0,-8888,-8888,0
6.88,-8888,0,-8888,-8888,0
6.9,-8888,0,-8888,-8888,0
6.92,-8888,0,-8888,-8888,0
6.95,-8888,0,-8888,-8888,0
6.97,-8888,0,-8888,-8888,0
7,-8888,0,-8888,-8888,0
7.03,-8888,0,-8888,-8888,0
7.05,-8888,0,-8888,-8888,0
7.08,-8888,0,-8888,-8888,0
7.1,-8888,0,-8888,-8888,0
7.13,-8888,0,-8888,-8888,0
7.15,-8888,0,-8888,-8888,0
7.17,-8888,0,-8888,-8888,0
7.2,-8888,0,-8888,-8888,0
7.22,-8888,0,-8888,-8888,0
7.25,-8888,0,-8888,-8888,0
7.28,-8888,0,-8888,-8888,0
7.3,-8888,0,-8888,-8888,0
7.33,-8888,0,-8888,-8888,0
7.35,-8888,0,-8888,-8888,0
7.38,-8888,0,-8888,-8888,0
7.4,-8888,0,-8888,-8888,0
7.42,-8888,0,-8888,-8888,0
7.45,-8888,0,-8888,-8888,0
7.47,-8888,0,-8888,-8888,0
7.5,-8888,0,-8888,-8888,0
7.53,-8888,0,-8888,-8888,0
7.55,-8888,0,-8888,-8888,0
7.58,-8888,0,-8888,-8888,0
7.6,-8888,0,-8888,-8888,0
7.63,-8888,0,-8888,-8888,0
7.65,0,2.27,-8888,0,0
7.67,6.8,6.08,-8888,-8.73,0
7.7,11.46,8.33,-8888,-25.51,0
7.72,6.75,6.07,-8888,-3.83,0
7.75,0,4.1,0,5.98,0
7.78,5.55,3.5,134.97,0.78,0
7.8,4.94,5.27,147.2,-10.2,0
7.83,5.33,5.3,163.99,-16.68,0.01
7.85,5.65,5.29,202.64,-20.31,0.03
7.88,4.92,4.83,188.37,-20.01,0.04
7.9,3.94,4.31,189.49,-29.92,0.05
7.92,4.09,4.46,111.83,-25.8,0.07
7.95,5.36,5.15,97.49,-33.26,0.08
7.97,6.01,6.43,116.34,-35.81,0.09
8,7.94,7.28,143.72,-28.15,0.11
8.03,7.9,8.07,229.46,-20.01,0.12
8.05,8.37,8.49,217.38,-9.42,0.13
8.07,9.21,8.6,222.99,-9.42,0.14
8.1,8.23,7.76,185.46,-8.24,0.16
8.13,5.83,5.61,189.92,-0.98,0.17
8.15,2.77,3.95,141.34,60.04,0.18
8.18,3.22,3.15,148.09,41.3,0.2
8.2,3.43,3.07,144.43,53.95,0.21
8.22,2.55,2.76,119.64,35.12,0.22
8.25,2.27,2.43,144.54,86.62,0.24
8.28,2.43,2.44,119.66,19.13,0.25
8.3,2.58,3.38,94.78,26,0.26
8.32,5.12,7.09,80.85,37.47,0.28
8.35,13.54,12.3,102.71,13.05,0.29
8.38,18.22,14.2,82.41,-0.59,0.3
8.4,10.83,12.98,58.08,26.29,0.32
8.43,9.89,9.53,208.27,1.96,0.33
8.45,7.88,9.07,169.37,6.97,0.34
8.47,9.43,7.86,177.85,4.51,0.36
8.5,6.26,6.82,153.21,2.55,0.37
8.53,4.77,5.4,184.15,8.04,0.38
8.55,5.16,4.59,168.36,8.44,0.39
8.57,3.85,4.37,171.22,35.22,0.41
8.6,4.07,3.91,151.25,58.76,0.42
8.63,3.78,4.55,165.45,74.36,0.43
8.65,5.78,6.36,235.17,-15.89,0.45
8.68,9.51,7.03,202.6,-20.6,0.46
8.7,5.82,6.46,138.04,-5.59,0.47
8.72,4.04,4.71,25.2,10.59,0.49
8.75,4.27,4.87,28.77,22.46,0.5
8.78,6.3,6.37,29.69,3.73,0.51
8.8,8.54,7.9,59.54,-0.78,0.53
8.82,8.86,9.25,90.79,18.74,0.54
8.85,10.34,7.88,134.73,-4.12,0.55
8.88,4.44,6.8,133.33,-1.28,0.57
8.9,5.63,5.23,133.65,2.55,0.58
8.93,5.62,4.99,172.19,2.65,0.59
8.95,3.74,4.23,142.07,28.35,0.61
8.97,3.32,3.7,207.01,54.35,0.62
9,4.01,3.25,218.11,29.53,0.63
9.03,2.41,2.66,195.02,23.15,0.64
9.05,1.54,2.39,147.75,80.74,0.66
9.07,3.2,2.61,102.03,7.95,0.67
9.1,3.06,3.6,94.53,-10.79,0.68
9.13,4.53,4.09,83.57,-9.32,0.7
9.15,4.69,4.3,65.01,-25.02,0.71
9.18,3.68,3.59,107.78,-19.82,0.72
9.2,2.42,2.98,117.34,-15.01,0.74
9.22,2.85,3.31,115.33,-18.64,0.75
9.25,4.67,4.55,112.16,-13.24,0.76
9.28,6.13,5.38,130.59,-1.67,0.78
9.3,5.35,6.83,108.67,-6.28,0.79
9.32,9.03,8.36,68.22,-10.01,0.8
9.35,10.7,10.65,62.55,-8.34,0.82
9.38,12.21,10.9,51.52,1.77,0.83
9.4,9.8,11.22,23.89,8.24,0.84
9.43,11.64,9.3,24.45,9.22,0.86
9.45,6.45,9.16,130.3,-3.63,0.87
9.47,9.39,10.41,284.99,2.06,0.88
9.5,15.39,15.39,262.82,1.37,0.89
9.53,21.39,21.39,292.93,6.57,0.91
9.55,27.38,24.95,183.4,-1.86,0.92
9.57,26.07,26.71,184.53,10.01,0.93
9.6,26.68,17.58,160.33,11.77,0.95
9.63,0,8.89,0,-8888,0.96
9.65,0,0,0,-8888,0.97
9.68,0,0,0,-8888,0.99
9.7,0,0,0,-8888,1
9.72,-8888,0,-8888,-8888,0
9.75,-8888,0,-8888,-8888,0
9.78,-8888,0,-8888,-8888,0
9.8,-8888,0,-8888,-8888,0
9.82,-8888,0,-8888,-8888,0
9.85,-8888,0,-8888,-8888,0
9.88,-8888,0,-8888,-8888,0
9.9,-8888,0,-8888,-8888,0
9.93,-8888,0,-8888,-8888,0
9.95,-8888,0,-8888,-8888,0
9.97,-8888,0,-8888,-8888,0
10,-8888,0,-8888,-8888,0
10.03,-8888,0,-8888,-8888,0
10.05,-8888,0,-8888,-8888,0
10.07,-8888,0,-8888,-8888,0
10.1,-8888,0,-8888,-8888,0
10.13,-8888,0,-8888,-8888,0
10.15,-8888,0,-8888,-8888,0
10.18,-8888,0,-8888,-8888,0
10.2,-8888,0,-8888,-8888,0
10.22,-8888,0,-8888,-8888,0
10.25,-8888,0,-8888,-8888,0
10.28,-8888,0,-8888,-8888,0
10.3,-8888,0,-8888,-8888,0
10.32,-8888,0,-8888,-8888,0
10.35,-8888,0,-8888,-8888,0
10.38,-8888,0,-8888,-8888,0
10.4,-8888,0,-8888,-8888,0
10.43,-8888,0,-8888,-8888,0
10.45,-8888,0,-8888,-8888,0
10.47,-8888,0,-8888,-8888,0
10.5,-8888,0,-8888,-8888,0
10.53,-8888,0,-8888,-8888,0
10.55,-8888,0,-8888,-8888,0
10.57,-8888,0,-8888,-8888,0
10.6,-8888,0,-8888,-8888,0
10.63,-8888,0,-8888,-8888,0
10.65,-8888,0,-8888,-8888,0
10.68,-8888,0,-8888,-8888,0
10.7,-8888,0,-8888,-8888,0
10.72,-8888,0,-8888,-8888,0
10.75,-8888,0,-8888,-8888,0
10.78,-8888,0,-8888,-8888,0
10.8,-8888,0,-8888,-8888,0
10.82,-8888,0,-8888,-8888,0
10.85,-8888,0,-8888,-8888,0
10.88,-8888,0,-8888,-8888,0
10.9,-8888,0,-8888,-8888,0
10.93,-8888,0,-8888,-8888,0
10.95,-8888,0,-8888,-8888,0
10.97,-8888,0,-8888,-8888,0
11,-8888,0,-8888,-8888,0
11.03,-8888,0,-8888,-8888,0
11.05,-8888,0,-8888,-8888,0
11.07,-8888,0,-8888,-8888,0
11.1,-8888,0,-8888,-8888,0
11.13,-8888,0,-8888,-8888,0
11.15,-8888,0,-8888,-8888,0
11.18,-8888,0,-8888,-8888,0
11.2,-8888,0,-8888,-8888,0
11.22,-8888,0,-8888,-8888,0
11.25,-8888,0,-8888,-8888,0
11.28,-8888,0,-8888,-8888,0
11.3,-8888,0,-8888,-8888,0
11.32,-8888,0,-8888,-8888,0
11.35,-8888,0,-8888,-8888,0
11.38,-8888,0,-8888,-8888,0
11.4,-8888,0,-8888,-8888,0
11.43,-8888,0,-8888,-8888,0
11.45,-8888,0,-8888,-8888,0
11.47,-8888,0,-8888,-8888,0
11.5,-8888,0,-8888,-8888,0
11.53,-8888,0,-8888,-8888,0
11.55,-8888,0,-8888,-8888,0
11.57,-8888,0,-8888,-8888,0
11.6,-8888,0,-8888,-8888,0
11.63,-8888,0,-8888,-8888,0
11.65,-8888,0,-8888,-8888,0
11.68,-8888,0,-8888,-8888,0
11.7,-8888,0,-8888,-8888,0
11.72,-8888,0,-8888,-8888,0
11.75,-8888,0,-8888,-8888,0
11.78,-8888,0,-8888,-8888,0
11.8,-8888,0,-8888,-8888,0
11.82,-8888,0,-8888,-8888,0
11.85,-8888,0,-8888,-8888,0
11.88,-8888,0,-8888,-8888,0
11.9,-8888,0,-8888,-8888,0
11.93,-8888,0,-8888,-8888,0
11.95,-8888,0,-8888,-8888,0
11.97,-8888,0,-8888,-8888,0
12,-8888,0,-8888,-8888,0
12.03,-8888,0,-8888,-8888,0
12.05,-8888,0,-8888,-8888,0
12.07,-8888,0,-8888,-8888,0
12.1,-8888,0,-8888,-8888,0
12.13,-8888,0,-8888,-8888,0
12.15,-8888,0,-8888,-8888,0
12.18,-8888,0,-8888,-8888,0
12.2,-8888,0,-8888,-8888,0
12.22,-8888,0,-8888,-8888,0
12.25,-8888,0,-8888,-8888,0
12.28,-8888,0,-8888,-8888,0
12.3,-8888,0,-8888,-8888,0
12.32,1.84,1.82,-8888,199.34,0
12.35,3.56,3.48,-8888,134.99,0
12.38,4.96,5.04,-8888,21.09,0
12.4,6.57,6.93,-8888,9.61,0
12.43,9.25,9.53,185.27,17.85,0.01
12.45,12.77,7.79,173.61,6.67,0.01
12.47,1.35,6.45,212.95,13.24,0.02
12.5,5.23,4.5,187.16,7.16,0.02
12.53,6.9,5.71,176.67,5.49,0.03
12.55,4.99,4.99,163.91,-0.98,0.03
12.57,3.08,4.05,135.51,1.37,0.04
12.6,4.07,3.59,77.88,3.04,0.05
12.63,3.6,4.39,45.92,6.67,0.05
12.65,5.49,4.92,139.73,2.06,0.06
12.68,5.65,6.46,89.65,1.57,0.06
12.7,8.25,5.85,66.01,1.18,0.07
12.72,3.64,5.1,182.48,23.54,0.07
12.75,3.4,4.52,136.11,0.88,0.08
12.78,6.5,5.76,125.25,0.59,0.09
12.8,7.39,7.32,177.89,1.47,0.09
12.82,8.08,10.08,77.76,1.18,0.1
12.85,14.77,13.2,128.38,2.55,0.1
12.88,16.74,15.61,234.16,24.52,0.11
12.9,15.31,14.92,62.42,15.89,0.11
12.93,12.69,10.38,115.15,-1.57,0.12
12.95,3.12,6.1,49.41,5.1,0.13
12.97,2.49,3.53,114.84,0.1,0.13
13,4.98,4.5,110.56,1.28,0.14
13.03,6.03,5.74,206.47,8.73,0.14
13.05,6.21,6.42,266.49,8.44,0.15
13.07,7.03,7.3,401,1.86,0.15
13.1,8.66,8.43,283.73,4.12,0.16
13.13,9.59,8.63,132.04,2.16,0.16
13.15,7.64,9.01,160.79,-2.55,0.17
13.18,9.78,8.71,65.18,15.7,0.18
13.2,8.69,8.9,23.29,9.12,0.18
13.22,8.22,8.17,78.44,17.17,0.19
13.25,7.57,7.94,66.55,1.77,0.19
13.28,8.03,8.03,97.5,1.77,0.2
13.3,8.49,7.04,128.44,4.22,0.2
13.32,4.59,6.24,135.93,0.39,0.21
13.35,5.64,5.65,155.1,3.53,0.22
13.38,6.71,6.49,184.97,6.87,0.22
13.4,7.11,7.07,126.18,3.43,0.23
13.43,7.4,8.08,104.69,3.43,0.23
13.45,9.75,8.91,182.1,2.75,0.24
13.47,9.57,8.9,126.18,4.91,0.24
13.5,7.39,7.31,22.76,0.78,0.25
13.53,4.98,6.94,15.44,-2.16,0.26
13.55,8.44,8.02,38.45,0.39,0.26
13.57,10.64,12.27,41.22,0.2,0.27
13.6,17.73,11.48,110.36,-1.08,0.27
13.63,6.07,10.94,80.11,-0.69,0.28
13.65,9.01,9.08,43.12,5.1,0.28
13.68,12.16,11.12,88.91,3.24,0.29
13.7,12.18,9.69,126.56,2.26,0.3
13.72,4.72,7.08,126.27,-0.1,0.3
13.75,4.33,6.57,103.55,1.57,0.31
13.78,10.67,8.33,232.45,-0.2,0.31
13.8,9.99,8.59,235.77,6.18,0.32
13.82,5.12,6.98,212.11,-3.73,0.32
13.85,5.84,5.1,210.15,2.06,0.33
13.88,4.34,4.34,147.48,-5,0.34
13.9,2.83,5.45,144.16,4.91,0.34
13.93,9.18,4.62,65.52,2.84,0.35
13.95,1.83,4.74,80.04,3.63,0.35
13.97,3.22,4.08,52.39,0,0.36
14,7.18,6.8,24.73,4.32,0.36
14.03,9.98,7.88,35.86,-0.39,0.37
14.05,6.48,10.42,157.85,-0.2,0.38
14.07,14.81,14.65,283.32,3.14,0.38
14.1,22.67,19.42,403.19,15.01,0.39
14.13,20.78,20.67,463.94,12.46,0.39
14.15,18.56,14.09,337.63,2.26,0.4
14.18,2.92,9.75,241.99,17.07,0.4
14.2,7.75,5.77,258.27,1.57,0.41
14.22,6.63,7.6,477.33,3.53,0.41
14.25,8.41,6.77,616.88,9.42,0.42
14.28,5.26,6.1,441.56,3.34,0.43
14.3,4.63,4.63,426.33,-13.93,0.43
14.32,3.99,4.35,388.1,3.04,0.44
14.35,4.43,4.26,201.36,2.84,0.44
14.38,4.37,4.64,46.74,-28.15,0.45
14.4,5.13,4.78,46.26,19.62,0.45
14.43,4.85,5,120.32,1.96,0.46
14.45,5.01,4.77,154.77,1.37,0.47
14.47,4.45,4.96,109.73,4.61,0.47
14.5,5.42,6.25,96.07,1.08,0.48
14.53,8.88,6.9,65.44,2.26,0.48
14.55,6.4,6.94,70.94,2.65,0.49
14.57,5.52,7.16,135.14,2.35,0.49
14.6,9.55,9.04,221.04,1.18,0.5
14.63,12.04,9.2,151.16,14.91,0.51
14.65,6.02,8.98,183.07,2.84,0.51
14.68,8.89,8.5,165.27,7.65,0.52
14.7,10.57,9.81,207.56,2.84,0.52
14.72,9.98,10.65,254.12,1.18,0.53
14.75,11.39,11.12,100.35,3.92,0.53
14.78,11.98,11.43,96.25,3.92,0.54
14.8,10.9,10.35,115.9,-3.63,0.55
14.82,8.16,8.18,154.27,4.71,0.55
14.85,5.47,6.7,201.47,0.88,0.56
14.88,6.48,6.21,194.97,6.38,0.56
14.9,6.68,6.59,129.58,11.97,0.57
14.93,6.6,6.47,145.11,11.67,0.57
14.95,6.13,5.72,183.52,8.34,0.58
14.97,4.42,4.43,242.03,3.43,0.59
15,2.75,3.64,198.43,6.47,0.59
15.03,3.74,3.2,113.56,6.28,0.6
15.05,3.09,3.47,116.63,5.69,0.6
15.07,3.56,3.32,143.14,10.4,0.61
15.1,3.29,3.12,130.67,8.44,0.61
15.13,2.5,3.09,127.65,9.03,0.62
15.15,3.47,3.24,116.97,13.83,0.63
15.18,3.73,3.42,100.78,14.03,0.63
15.2,3.06,3.2,83.25,7.85,0.64
15.22,2.82,2.96,66.76,10.79,0.64
15.25,3,3.11,66.5,4.61,0.65
15.28,3.52,3.53,142.27,-1.08,0.65
15.3,4.07,3.49,86.81,6.87,0.66
15.32,2.88,3.29,70.94,-0.49,0.66
15.35,2.92,3.11,49.23,-10.01,0.67
15.38,3.52,3.13,79.62,2.75,0.68
15.4,2.97,3.67,79.07,-7.06,0.68
15.43,4.54,3.98,79.65,-1.18,0.69
15.45,4.45,4.6,59.86,-2.26,0.69
15.47,4.82,4.49,57.53,-1.96,0.7
15.5,4.21,4.58,78.81,-4.12,0.7
15.53,4.71,4.1,89.87,1.28,0.71
15.55,3.38,3.49,72.77,-2.45,0.72
15.57,2.38,2.92,76.94,-3.73,0.72
15.6,3,2.84,122.18,5.89,0.73
15.63,3.13,3.24,110.19,1.86,0.73
15.65,3.59,3.49,101.5,6.38,0.74
15.68,3.76,3.24,77.65,8.53,0.74
15.7,2.36,2.59,61.09,7.46,0.75
15.72,1.64,2.02,64.73,5.59,0.76
15.75,2.04,1.75,56.5,4.71,0.76
15.78,1.56,3.49,40.74,3.53,0.77
15.8,6.86,6.75,102.01,2.45,0.77
15.82,11.84,9.45,155.45,18.15,0.78
15.85,9.64,8.65,114.39,18.44,0.78
15.88,4.46,11.83,91.52,4.32,0.79
15.9,21.39,17,116.77,8.24,0.8
15.93,25.15,27.01,76.48,20.99,0.8
15.95,34.49,31.38,91.48,14.91,0.81
15.97,34.49,33.94,91.48,14.91,0.81
16,32.84,32.89,24.92,6.77,0.82
16.02,31.32,31.91,134.02,-1.18,0.82
16.05,31.57,31.49,207.62,2.94,0.83
16.07,31.57,31.57,207.62,2.94,0.84
16.1,31.57,21.96,207.62,2.94,0.84
16.13,2.72,13.02,177.86,4.22,0.85
16.15,4.76,4.61,148.11,-0.39,0.85
16.18,6.34,5.11,265.12,8.53,0.86
16.2,4.22,4.02,184,13.73,0.86
16.23,1.49,2.83,121.19,19.33,0.87
16.25,2.76,2.9,200.04,4.12,0.88
16.27,4.44,4.34,112.82,5.1,0.88
16.3,5.8,5.12,38.98,-1.18,0.89
16.32,5.12,5.01,14.76,-0.39,0.89
16.35,4.12,5.6,59.34,13.05,0.9
16.38,7.55,7.47,46.67,12.56,0.9
16.4,10.74,10.58,64.27,5.49,0.91
16.43,13.44,14.37,81.88,13.64,0.91
16.45,18.93,19.57,91.95,15.01,0.92
16.48,26.35,23.88,207.86,12.65,0.93
16.5,26.35,23.65,207.86,12.65,0.93
16.52,18.25,18.25,389.78,1.77,0.94
16.55,10.16,13.52,354.84,6.67,0.94
16.57,12.15,13.52,273.91,6.08,0.95
16.6,18.24,18.24,192.97,1.37,0.95
16.63,24.32,24.32,180.02,-0.1,0.96
16.65,30.41,33.64,167.08,12.75,0.97
16.68,46.19,25.53,310.41,10.79,0.97
16.7,0,15.4,0,-8888,0.98
16.73,0,0,0,-8888,0.98
16.75,0,0,0,-8888,0.99
16.77,0,0,0,-8888,0.99
16.8,-8888,0,-8888,-8888,1
16.82,-8888,0,-8888,-8888,0
16.85,-8888,0,-8888,-8888,0
16.88,-8888,0,-8888,-8888,0
16.9,-8888,0,-8888,-8888,0
16.93,-8888,0,-8888,-8888,0
16.95,-8888,0,-8888,-8888,0
16.98,-8888,0,-8888,-8888,0
17,-8888,0,-8888,-8888,0
17.02,-8888,0,-8888,-8888,0
17.05,-8888,0,-8888,-8888,0
17.07,-8888,0,-8888,-8888,0
17.1,-8888,0,-8888,-8888,0
17.13,-8888,0,-8888,-8888,0
17.15,-8888,0,-8888,-8888,0
17.18,-8888,0,-8888,-8888,0
17.2,-8888,0,-8888,-8888,0
17.23,-8888,0,-8888,-8888,0
17.25,-8888,0,-8888,-8888,0
17.27,-8888,0,-8888,-8888,0
17.3,-8888,0,-8888,-8888,0
17.32,-8888,0,-8888,-8888,0
17.35,-8888,0,-8888,-8888,0
17.38,-8888,0,-8888,-8888,0
17.4,-8888,0,-8888,-8888,0
17.43,-8888,0,-8888,-8888,0
17.45,-8888,0,-8888,-8888,0
17.48,-8888,0,-8888,-8888,0
17.5,-8888,0,-8888,-8888,0
17.52,-8888,0,-8888,-8888,0
17.55,-8888,0,-8888,-8888,0
17.57,-8888,0,-8888,-8888,0
17.6,-8888,0,-8888,-8888,0
17.63,-8888,0,-8888,-8888,0
17.65,-8888,0,-8888,-8888,0
17.68,-8888,0,-8888,-8888,0
17.7,-8888,0,-8888,-8888,0
17.73,-8888,0,-8888,-8888,0
17.75,-8888,0,-8888,-8888,0
17.77,-8888,0,-8888,-8888,0
17.8,-8888,0,-8888,-8888,0
17.82,-8888,0,-8888,-8888,0
17.85,-8888,0,-8888,-8888,0
17.88,-8888,0,-8888,-8888,0
17.9,-8888,0,-8888,-8888,0
17.93,-8888,0,-8888,-8888,0
17.95,-8888,0,-8888,-8888,0
17.98,-8888,0,-8888,-8888,0
18,-8888,0,-8888,-8888,0
18.02,-8888,0,-8888,-8888,0
18.05,-8888,0,-8888,-8888,0
18.07,-8888,0,-8888,-8888,0
18.1,-8888,0,-8888,-8888,0
18.13,-8888,0,-8888,-8888,0
18.15,-8888,0,-8888,-8888,0
18.18,-8888,0,-8888,-8888,0
18.2,-8888,0,-8888,-8888,0
18.23,-8888,0,-8888,-8888,0
18.25,-8888,0,-8888,-8888,0
18.27,-8888,0,-8888,-8888,0
18.3,-8888,0,-8888,-8888,0
18.32,-8888,0,-8888,-8888,0
18.35,-8888,0,-8888,-8888,0
18.38,20.98,17.39,-8888,58.27,0
18.4,31.14,29.67,-8888,116.54,0
18.43,36.83,36.92,-8888,101.14,0
18.45,42.73,42,-8888,93.49,0
18.48,46.37,46.61,180.29,63.08,0
18.5,50.69,32.36,174.64,43.85,0
18.52,0,16.9,0,-8888,0
18.55,0,0,0,-8888,0
18.57,0,0,0,-8888,0
18.6,0,0,0,-8888,0
18.63,-8888,0,-8888,-8888,0
18.65,-8888,0,-8888,-8888,0
18.68,-8888,0,-8888,-8888,0
18.7,-8888,0,-8888,-8888,0
18.73,-8888,0,-8888,-8888,0
18.75,-8888,0,-8888,-8888,0
18.77,-8888,0,-8888,-8888,0
18.8,-8888,0,-8888,-8888,0
18.82,-8888,0,-8888,-8888,0
18.85,-8888,0,-8888,-8888,0
18.88,-8888,0,-8888,-8888,0
18.9,-8888,0,-8888,-8888,0
18.93,-8888,0,-8888,-8888,0
18.95,-8888,0,-8888,-8888,0
18.98,-8888,0,-8888,-8888,0
19,-8888,0,-8888,-8888,0
19.02,-8888,0,-8888,-8888,0
19.05,-8888,0,-8888,-8888,0
19.07,-8888,0,-8888,-8888,0
19.1,-8888,0,-8888,-8888,0
19.13,-8888,0,-8888,-8888,0
19.15,-8888,0,-8888,-8888,0
19.18,-8888,0,-8888,-8888,0
19.2,-8888,0,-8888,-8888,0
19.23,-8888,0,-8888,-8888,0
19.25,-8888,0,-8888,-8888,0
19.27,-8888,0,-8888,-8888,0
19.3,-8888,0,-8888,-8888,0
19.32,-8888,0,-8888,-8888,0
19.35,-8888,0,-8888,-8888,0
19.38,-8888,0,-8888,-8888,0
19.4,-8888,0,-8888,-8888,0
19.43,-8888,0,-8888,-8888,0
19.45,-8888,0,-8888,-8888,0
19.48,-8888,0,-8888,-8888,0
19.5,-8888,0,-8888,-8888,0
19.52,-8888,0,-8888,-8888,0
19.55,-8888,0,-8888,-8888,0
19.57,-8888,0,-8888,-8888,0
19.6,-8888,0,-8888,-8888,0
19.63,-8888,0,-8888,-8888,0
19.65,-8888,0,-8888,-8888,0
19.68,-8888,0,-8888,-8888,0
19.7,-8888,0,-8888,-8888,0
19.73,-8888,0,-8888,-8888,0
19.75,-8888,0,-8888,-8888,0
19.77,-8888,0,-8888,-8888,0
19.8,-8888,0,-8888,-8888,0
19.82,20.1,14.84,-8888,16.48,0
19.85,24.42,23.44,-8888,17.36,0
19.88,25.8,25.1,-8888,16.38,0
19.9,25.06,24.55,-8888,16.68,0
19.93,22.78,22.01,155.65,16.19,0
19.95,18.19,19.25,108.49,15.89,0
19.98,16.77,17.04,97.72,17.17,0
20,16.15,15.09,80.64,16.78,0
20.02,12.34,12.71,111.72,15.89,0.25
20.05,9.63,9.76,69,14.71,0.5
20.07,7.3,7.86,87.72,15.6,0.75
20.1,6.63,6.46,101.67,14.62,1
20.13,5.43,5.7,97.46,16.28,1.25
20.15,5.03,5.03,119.01,5.4,1.5
20.18,4.63,5.29,140.56,11.58,1.75
20.2,6.19,5.63,136.99,14.32,2
20.23,6.04,6.55,145.54,16.97,2.25
20.25,7.42,6.81,134.11,18.25,2.5
20.27,6.96,6.26,137.46,19.82,2.75
20.3,4.39,5.25,93.83,16.19,3
20.32,4.39,4.17,76.53,17.66,3.25
20.35,3.74,3.99,119.31,19.33,3.5
20.38,3.84,4.34,125.66,22.56,3.75
20.4,5.41,7.09,95.92,32.47,4
20.43,11.99,10.91,88.2,33.75,4.25
20.45,15.3,13.18,86.73,31.1,4.5
20.48,12.22,14.7,259.37,21.97,4.75
20.5,16.57,14.92,240.24,8.04,5
20.52,15.95,16.95,221.1,8.14,4.75
20.55,18.32,18.46,310.38,12.07,4.5
20.57,21.1,16.92,352.76,12.16,4.25
20.6,11.34,15.66,303,7.95,4
20.63,14.54,15.52,512.32,12.07,3.75
20.65,20.68,18.36,617.34,16.68,3.5
20.68,19.86,20.04,734.05,31.88,3.25
20.7,19.55,17.49,764.62,35.71,3
20.73,13.03,14.72,702.97,30.31,2.75
20.75,11.55,10.69,749.21,24.92,2.5
20.77,7.49,9.63,524.27,21.68,2.25
20.8,9.82,8.63,461.48,23.05,2
20.82,8.56,9.35,259.25,12.36,1.75
20.85,9.67,10.73,260.32,11.87,1.5
20.88,13.95,12.97,293.47,12.46,1.25
20.9,15.27,15.62,359.62,8.04,1
20.93,17.63,17.36,377.81,10.01,0.75
20.95,19.18,18.83,424.06,8.83,0.5
20.98,19.68,17.73,333.63,6.67,0.25
21,14.32,13.77,268.65,-1.37,0
21.02,7.31,9.91,107.9,1.18,0
21.05,8.1,8.1,106.98,-0.1,0
21.07,8.89,8.9,106.06,0.59,0
21.1,9.71,9.47,105.13,0.69,0
21.13,9.8,9.52,104.21,5.59,0
21.15,9.06,8.61,150.33,1.67,0
21.18,6.98,8.02,136.21,4.12,0
21.2,8.02,8.47,156.04,1.37,0
21.23,10.42,10.82,145.89,7.26,0
21.25,14.02,10.58,51.81,5.79,0
21.27,7.31,10.31,185.83,1.28,0
21.3,9.59,9.48,232.12,1.28,0
21.32,11.55,10.68,214.63,1.47,0
21.35,10.9,10.66,126.48,-0.2,0
21.38,9.53,8.35,162.36,1.18,0
21.4,4.62,7.09,137.58,1.18,0
21.43,7.11,6.06,307.14,3.14,0
21.45,6.44,9.3,140.82,1.67,0
21.48,14.34,13.1,178.86,2.35,0
21.5,18.52,16.37,213.12,1.96,0
21.52,16.26,16.57,342.28,5.98,0
21.55,14.93,16.15,284.73,5.3,0
21.57,17.26,16.37,362.19,3.24,0
21.6,16.92,15.74,297.49,2.35,0
21.63,13.04,14.94,287.29,3.14,0
21.65,14.87,14.28,191.01,1.86,0
21.68,14.93,12.18,260.16,-2.94,0
21.7,6.75,9.81,258.44,0.59,0
21.73,7.75,8.38,310.36,1.67,0
21.75,10.63,10.1,166.99,15.6,0
21.77,11.92,10.75,151.95,14.52,0
21.8,9.69,9.11,102.82,15.21,0
21.82,5.71,7.21,125.3,5.49,0
21.85,6.23,7.06,77.45,8.93,0
21.88,9.24,8.28,80.32,2.75,0
21.9,9.39,9.41,71.82,3.34,0
21.93,9.6,10.32,87.89,1.96,0
21.95,11.98,11.29,101.44,0.1,0
21.98,12.29,13.25,122.94,5,0
22,15.48,15.05,163.78,5.1,0
22.02,17.38,16.51,170.79,11.28,0.42
22.05,16.67,17.21,157.81,7.95,0.83
22.07,17.57,17.92,196.94,9.03,1.25
22.1,19.52,19.43,224.25,7.65,1.67
22.13,21.18,21,222.14,6.67,2.08
22.15,22.29,21.98,146.84,16.19,2.5
22.18,22.47,22.76,99.68,16.58,2.92
22.2,23.52,23.44,122.77,16.09,3.33
22.23,24.32,24.96,205.11,15.3,3.75
22.25,27.04,27.58,197.23,14.91,4.17
22.27,31.37,31.51,174.81,14.03,4.58
22.3,36.11,35.07,146.44,21.88,5
22.32,37.72,36.13,132.34,22.66,4.82
22.35,34.54,36.08,216.1,4.02,4.64
22.38,35.96,35.24,103,4.12,4.46
22.4,35.23,35.38,108.07,4.61,4.29
22.43,34.94,34.87,105.55,5.3,4.11
22.45,34.44,33.97,116.97,7.16,3.93
22.48,32.53,31.64,131.45,7.85,3.75
22.5,27.95,29.03,111.56,7.16,3.57
22.52,26.61,25.06,243.23,8.04,3.39
22.55,20.6,21.61,199.04,-3.14,3.21
22.57,17.63,17.74,208.42,1.37,3.04
22.6,14.99,14.2,50.9,0.2,2.86
22.63,9.98,12.58,86.17,3.92,2.68
22.65,12.76,11.27,128.92,3.92,2.5
22.68,11.08,13.09,120,1.18,2.32
22.7,15.43,15.42,222.72,13.54,2.14
22.73,19.74,19.63,513.01,3.14,1.96
22.75,23.7,23.53,530.86,7.26,1.79
22.77,27.13,25.69,591.54,7.75,1.61
22.8,26.23,22.87,610.68,7.65,1.43
22.82,15.23,17.66,446.1,10.1,1.25
22.85,11.53,12.94,526.62,6.08,1.07
22.88,12.05,12.05,372.99,1.18,0.89
22.9,12.57,12.41,219.37,1.47,0.71
22.93,12.6,12.68,65.75,0.98,0.54
22.95,12.88,12.56,47.05,0.59,0.36
22.98,12.21,12.3,41.7,1.08,0.18
23,11.82,11.72,69.79,0.78,0
23.02,11.13,11.88,67.85,5.89,0
23.05,12.69,12.68,65.24,5.1,0
23.07,14.21,13.82,68.6,4.61,0
23.1,14.55,15.17,95.6,2.84,0
23.13,16.74,15.77,130.21,2.55,0
23.15,16.03,17.4,52.74,4.61,0
23.18,19.44,15.93,87.77,0.88,0
23.2,12.33,15.04,94.78,5.69,0
23.23,13.34,14.27,141.54,-4.22,0
23.25,17.15,16.49,315.69,3.53,0
23.27,19,19.09,453.16,2.06,0
23.3,21.11,21.11,520.57,4.51,0
23.32,23.22,18.31,496.8,4.22,0
23.35,10.59,15.5,337.45,3.14,0
23.38,12.7,13.06,292.14,2.55,0
23.4,15.89,16,194.7,1.86,0
23.43,19.4,18.59,244.99,1.96,0
23.45,20.49,20.29,284.87,2.65,0
23.48,20.99,19.4,388.29,3.24,0
23.5,16.73,17.39,386.33,2.75,0
23.52,14.46,15.7,207.47,1.77,0
23.55,15.9,16.02,152.22,1.47,0
23.57,17.69,17.13,184.12,2.06,0
23.6,17.8,17.16,236.26,0.49,0
23.63,16,16.31,253.82,2.06,0
23.65,15.12,15.45,274.3,2.84,0
23.68,15.22,14.93,252.13,2.65,0
23.7,14.45,14.79,162.32,1.67,0
23.73,14.69,15.43,185.09,1.77,0
23.75,17.15,15.85,185.7,1.57,0
23.77,15.7,16.71,143.87,2.35,0
23.8,17.27,17.32,136.55,1.47,0
23.82,19,17.48,132.64,0.88,0
23.85,16.17,16.31,165.83,2.26,0
23.88,13.75,14.16,172.06,2.75,0
23.9,12.56,12.56,178.3,2.16,0
23.93,11.36,14.02,343.13,4.02,0
23.95,18.13,15.95,344.23,3.73,0
23.98,18.34,17.31,145.26,1.37,0
24,15.45,15.74,217.63,1.47,0
24.02,13.42,14.07,155,0.98,0
24.05,13.34,13.1,120.16,1.47,0
24.07,12.52,13.01,276.12,0.69,0
24.1,13.15,12.78,236.67,0.88,0
24.13,12.66,13.14,290.98,7.95,0
24.15,13.6,12.79,127.51,-1.18,0
24.18,12.11,12.35,124.18,6.97,0
24.2,11.33,12.19,154.75,0.29,0
24.23,13.12,12.71,197.03,1.18,0
24.25,13.67,12.65,122.12,4.61,0
24.27,11.17,11.88,98.47,2.06,0
24.3,10.8,11.04,102.69,-1.47,0
24.32,11.14,10.54,129.82,0.2,0
24.35,9.68,10.87,104.39,1.28,0
24.38,11.8,13.24,112.36,1.18,0
24.4,18.23,16.1,147.49,-0.98,0
24.43,18.28,17,263.96,1.77,0
24.45,14.5,13.65,274.47,4.02,0
24.48,8.19,10.89,147.89,0.69,0
24.5,10,7.5,168.59,3.63,0
24.52,4.32,6.77,194.46,1.47,0
24.55,5.98,7.14,306.36,0.69,0
24.57,11.12,9.94,504.49,3.04,0
24.6,12.72,7.94,527.16,4.02,0
24.63,0,4.24,0,-8888,0
24.65,0,0,0,-8888,0
24.68,0,0,0,-8888,0
24.7,0,0,0,-8888,0
24.73,-8888,0,-8888,-8888,0
24.75,-8888,0,-8888,-8888,0
24.77,-8888,0,-8888,-8888,0
24.8,-8888,0,-8888,-8888,0
24.82,-8888,0,-8888,-8888,0
24.85,-8888,0,-8888,-8888,0
24.88,-8888,0,-8888,-8888,0
24.9,-8888,0,-8888,-8888,0
24.93,-8888,0,-8888,-8888,0
24.95,-8888,0,-8888,-8888,0
24.98,-8888,0,-8888,-8888,0
25,-8888,0,-8888,-8888,0
25.02,-8888,0,-8888,-8888,0
25.05,-8888,0,-8888,-8888,0
25.07,-8888,0,-8888,-8888,0
25.1,-8888,0,-8888,-8888,0
25.13,-8888,0,-8888,-8888,0
25.15,-8888,0,-8888,-8888,0
25.18,-8888,0,-8888,-8888,0
25.2,-8888,0,-8888,-8888,0
25.23,-8888,0,-8888,-8888,0
25.25,-8888,0,-8888,-8888,0
25.27,-8888,0,-8888,-8888,0
25.3,-8888,0,-8888,-8888,0
25.32,-8888,0,-8888,-8888,0
25.35,-8888,0,-8888,-8888,0
25.38,-8888,0,-8888,-8888,0
25.4,-8888,0,-8888,-8888,0
25.43,-8888,0,-8888,-8888,0
25.45,-8888,0,-8888,-8888,0
25.48,-8888,0,-8888,-8888,0
25.5,-8888,0,-8888,-8888,0
25.52,-8888,0,-8888,-8888,0
25.55,-8888,0,-8888,-8888,0
25.57,-8888,0,-8888,-8888,0
25.6,-8888,0,-8888,-8888,0
25.63,-8888,0,-8888,-8888,0
25.65,-8888,0,-8888,-8888,0
25.68,-8888,0,-8888,-8888,0
25.7,-8888,0,-8888,-8888,0
25.73,-8888,0,-8888,-8888,0
25.75,-8888,0,-8888,-8888,0
25.77,-8888,0,-8888,-8888,0
25.8,-8888,0,-8888,-8888,0
25.82,-8888,0,-8888,-8888,0
25.85,-8888,0,-8888,-8888,0
25.88,-8888,0,-8888,-8888,0
25.9,-8888,0,-8888,-8888,0
25.93,-8888,0,-8888,-8888,0
25.95,-8888,0,-8888,-8888,0
25.98,-8888,0,-8888,-8888,0
26,-8888,0,-8888,-8888,0
26.02,-8888,0,-8888,-8888,0
26.05,-8888,0,-8888,-8888,0
26.07,-8888,0,-8888,-8888,0
26.1,-8888,0,-8888,-8888,0
26.13,-8888,0,-8888,-8888,0
26.15,-8888,0,-8888,-8888,0
26.18,-8888,0,-8888,-8888,0
26.2,-8888,0,-8888,-8888,0
26.23,-8888,0,-8888,-8888,0
26.25,-8888,0,-8888,-8888,0
26.27,-8888,0,-8888,-8888,0
26.3,-8888,0,-8888,-8888,0
26.32,-8888,0,-8888,-8888,0
26.35,-8888,0,-8888,-8888,0
26.38,-8888,0,-8888,-8888,0
26.4,-8888,0,-8888,-8888,0
26.43,-8888,0,-8888,-8888,0
26.45,-8888,0,-8888,-8888,0
26.48,-8888,0,-8888,-8888,0
26.5,-8888,0,-8888,-8888,0
26.52,-8888,0,-8888,-8888,0
26.55,-8888,0,-8888,-8888,0
26.57,-8888,0,-8888,-8888,0
26.6,-8888,0,-8888,-8888,0
26.63,-8888,0,-8888,-8888,0
26.65,-8888,0,-8888,-8888,0
26.68,-8888,0,-8888,-8888,0
26.7,-8888,0,-8888,-8888,0
26.73,-8888,0,-8888,-8888,0
26.75,-8888,0,-8888,-8888,0
26.77,-8888,0,-8888,-8888,0
26.8,-8888,0,-8888,-8888,0
26.82,-8888,0,-8888,-8888,0
26.85,-8888,0,-8888,-8888,0
26.88,-8888,0,-8888,-8888,0
26.9,-8888,0,-8888,-8888,0
26.93,-8888,0,-8888,-8888,0
26.95,-8888,0,-8888,-8888,0
26.98,-8888,0,-8888,-8888,0
27,-8888,0,-8888,-8888,0
27.02,-8888,0,-8888,-8888,0
27.05,-8888,0,-8888,-8888,0
27.07,-8888,0,-8888,-8888,0
27.1,-8888,0,-8888,-8888,0
27.13,-8888,0,-8888,-8888,0
27.15,-8888,0,-8888,-8888,0
27.18,-8888,0,-8888,-8888,0
27.2,-8888,0,-8888,-8888,0
27.23,-8888,0,-8888,-8888,0
27.25,-8888,0,-8888,-8888,0
27.27,-8888,0,-8888,-8888,0
27.3,-8888,0,-8888,-8888,0
27.32,-8888,0,-8888,-8888,0
27.35,-8888,0,-8888,-8888,0
27.38,-8888,0,-8888,-8888,0
27.4,-8888,0,-8888,-8888,0
27.43,-8888,0,-8888,-8888,0
27.45,-8888,0,-8888,-8888,0
27.48,9.92,7.91,-8888,102.91,0
27.5,13.78,12.31,-8888,23.25,0
27.52,13.22,12.41,-8888,-12.26,0
27.55,10.24,11.19,-8888,-24.43,0
27.57,10.11,8.69,165.99,-19.03,0
27.6,5.71,7.12,111.69,30.71,0
27.63,5.53,5.66,173.3,28.45,0
27.65,5.71,5.94,186.84,29.63,0
27.68,6.57,7.12,255.84,29.04,0
27.7,9.07,7.76,256.27,25.6,0
27.73,7.62,7.65,241.98,5.4,0
27.75,6.24,6.38,249.37,11.58,0
27.77,5.28,5.5,227.89,-0.88,0
27.8,4.98,5.11,243.57,-0.78,0
27.82,5.06,5,195.97,-0.69,0
27.85,4.94,4.96,198.37,6.08,0
27.88,4.88,4.77,227.13,7.55,0
27.9,4.49,5.07,234.19,10.79,0
27.93,5.82,6.05,210.58,26.09,0
27.95,7.82,7.82,192.01,40.32,0
27.98,9.79,10.22,190.04,45.42,0
28,13.03,11.08,252.93,57,0
28.02,10.41,11.12,199.55,8.24,0.13
28.05,9.89,9.92,163.73,7.46,0.25
28.07,9.45,9.93,214.5,11.87,0.38
28.1,10.44,10.16,236.99,11.58,0.5
28.13,10.57,10.33,254.2,9.91,0.63
28.15,9.98,10.39,233.89,9.71,0.75
28.18,10.63,9.64,251.34,12.16,0.88
28.2,8.3,9.41,252.12,10.1,1
28.23,9.28,9.19,271.4,9.71,1.13
28.25,9.98,10.68,237.82,8.73,1.25
28.27,12.78,10.94,251.89,8.44,1.38
28.3,10.05,11.02,186.27,0.88,1.5
28.32,10.22,10.06,228.32,5.59,1.63
28.35,9.92,10.11,231.29,6.38,1.75
28.38,10.18,9.73,235.97,10.79,1.88
28.4,9.09,9.6,189.54,8.93,2
28.43,9.52,9.38,148.42,7.65,2.13
28.45,9.52,9.61,148.42,7.65,2.25
28.48,9.78,9.67,151.83,2.35,2.38
28.5,9.7,9.21,87,2.94,2.5
28.52,8.13,8.4,103.94,3.92,2.63
28.55,7.37,7.93,95.97,5.2,2.75
28.57,8.28,7.94,77.12,3.53,2.88
28.6,8.16,9.01,88.76,3.34,3
28.63,10.59,10.85,115.64,5.59,3.13
28.65,13.79,12.9,134.88,7.06,3.25
28.68,14.31,13.96,111.08,6.77,3.38
28.7,13.78,14.01,131.18,5.89,3.5
28.73,13.92,14.06,128.88,8.24,3.63
28.75,14.46,14.06,155.37,10.2,3.75
28.77,13.79,13.79,155.31,4.71,3.88
28.8,13.12,13.48,155.26,6.38,4
28.82,13.54,14.03,182.95,9.32,4.13
28.85,15.43,14.46,153.71,11.58,4.25
28.88,14.4,14.91,152.97,8.34,4.38
28.9,14.91,14.71,143.87,9.61,4.5
28.93,14.82,14.53,141.03,20.9,4.63
28.95,13.86,14.08,112.67,7.65,4.75
28.98,13.55,13.38,166.35,4.91,4.88
29,12.72,12.91,170.29,6.87,5
29.02,12.46,12.47,150.81,7.65,4.88
29.05,12.21,12.03,136.54,7.46,4.75
29.07,11.42,11.21,118.93,7.06,4.63
29.1,10,9.62,117.46,6.08,4.5
29.13,7.42,7.64,104.81,7.95,4.38
29.15,5.49,5.95,129.66,4.22,4.25
29.18,4.92,4.71,165.56,14.32,4.13
29.2,3.73,4.13,208.16,16.19,4
29.23,3.73,3.76,208.16,16.19,3.88
29.25,3.8,3.7,225.52,20.8,3.75
29.27,3.56,3.93,222.07,28.84,3.63
29.3,4.42,4.35,214.69,34.83,3.5
29.32,5.06,5.01,192.26,41.69,3.38
29.35,5.53,6.07,154.28,14.13,3.25
29.38,7.62,7.11,116.3,-2.16,3.13
29.4,8.17,9.03,119.48,8.24,3
29.43,11.3,11.69,165.35,16.97,2.88
29.45,15.59,14.05,260.08,8.63,2.75
29.48,15.24,15.25,231.82,9.22,2.63
29.5,14.9,15.02,203.56,23.54,2.5
29.52,14.91,15.02,169.44,5.3,2.38
29.55,15.26,14.84,151.47,22.17,2.25
29.57,14.34,14.61,139.2,20.7,2.13
29.6,14.21,13.76,131.96,9.71,2
29.63,12.73,13.3,218.23,16.68,1.88
29.65,12.95,12.41,189.16,12.95,1.75
29.68,11.52,12.17,203.92,19.62,1.63
29.7,12.01,11.77,201.22,13.05,1.5
29.73,11.76,11.42,160.21,3.04,1.38
29.75,10.47,11.36,156,7.65,1.25
29.77,11.86,11.22,145.91,-3.73,1.13
29.8,11.33,11.26,85.14,12.56,1
29.82,10.57,10.86,107,-0.39,0.88
29.85,10.68,10.77,122.59,10.4,0.75
29.88,11.06,10.36,75.12,4.61,0.63
29.9,9.34,9.68,86,10.69,0.5
29.93,8.64,8.93,32.81,-7.06,0.38
29.95,8.8,9.77,75.64,13.64,0.25
29.98,11.88,11.13,67.31,5.3,0.13
30,12.7,15.95,84.69,4.71,0
30.02,23.25,22.58,127.77,13.34,0
30.05,31.79,28.37,241.8,16.19,0
30.07,30.06,28.13,193.21,14.62,0
30.1,22.52,24.8,257.45,14.52,0
30.13,21.83,21.24,321.68,14.22,0
30.15,19.37,18.73,258.56,10.3,0
30.18,14.98,16.86,252.48,3.43,0
30.2,16.21,14.03,373.55,4.71,0
30.23,10.88,12.5,517.38,5.3,0
30.25,10.4,9.87,586.33,5.79,0
30.27,8.33,9.52,532.36,5.1,0
30.3,9.82,10.59,479.73,11.58,0
30.32,13.61,12.25,462.1,5.69,0
30.35,13.31,13,251.32,8.14,0
30.38,12.07,13.52,195.07,15.89,0
30.4,15.16,15.12,87.58,11.87,0
30.43,18.12,16.94,114.98,15.89,0
30.45,17.54,11.89,138.76,11.18,0
30.48,0,5.85,0,-8888,0
30.5,0,0,0,-8888,0
30.52,0,0,0,-8888,0
30.55,0,0,0,-8888,0
30.57,-8888,0,-8888,-8888,0
30.6,-8888,0,-8888,-8888,0
30.63,-8888,0,-8888,-8888,0
30.65,-8888,0,-8888,-8888,0
30.68,-8888,0,-8888,-8888,0
30.7,-8888,0,-8888,-8888,0
30.73,-8888,0,-8888,-8888,0
30.75,-8888,0,-8888,-8888,0
30.77,-8888,0,-8888,-8888,0
30.8,-8888,0,-8888,-8888,0
30.82,-8888,0,-8888,-8888,0
30.85,-8888,0,-8888,-8888,0
30.88,-8888,0,-8888,-8888,0
30.9,-8888,0,-8888,-8888,0
30.93,-8888,0,-8888,-8888,0
30.95,-8888,0,-8888,-8888,0
30.98,-8888,0,-8888,-8888,0
31,-8888,0,-8888,-8888,0
31.02,-8888,0,-8888,-8888,0
31.05,-8888,0,-8888,-8888,0
31.07,-8888,0,-8888,-8888,0
31.1,-8888,0,-8888,-8888,0
31.13,-8888,0,-8888,-8888,0
31.15,-8888,0,-8888,-8888,0
31.18,-8888,0,-8888,-8888,0
31.2,-8888,0,-8888,-8888,0
31.23,-8888,0,-8888,-8888,0
31.25,-8888,0,-8888,-8888,0
31.27,-8888,0,-8888,-8888,0
31.3,-8888,0,-8888,-8888,0
31.32,-8888,0,-8888,-8888,0
31.35,-8888,0,-8888,-8888,0
31.38,-8888,0,-8888,-8888,0
31.4,-8888,0,-8888,-8888,0
31.43,-8888,0,-8888,-8888,0
31.45,-8888,0,-8888,-8888,0
31.48,-8888,0,-8888,-8888,0
31.5,-8888,0,-8888,-8888,0
31.52,-8888,0,-8888,-8888,0
31.55,-8888,0,-8888,-8888,0
31.57,-8888,0,-8888,-8888,0
31.6,-8888,0,-8888,-8888,0
31.63,-8888,0,-8888,-8888,0
31.65,-8888,0,-8888,-8888,0
31.68,-8888,0,-8888,-8888,0
31.7,-8888,0,-8888,-8888,0
31.73,-8888,0,-8888,-8888,0
31.75,-8888,0,-8888,-8888,0
31.77,-8888,0,-8888,-8888,0
31.8,-8888,0,-8888,-8888,0
31.82,-8888,0,-8888,-8888,0
31.85,-8888,0,-8888,-8888,0
31.88,-8888,0,-8888,-8888,0
31.9,-8888,0,-8888,-8888,0
31.93,-8888,0,-8888,-8888,0
31.95,-8888,0,-8888,-8888,0
31.98,-8888,0,-8888,-8888,0
32,-8888,0,-8888,-8888,0
32.02,-8888,0,-8888,-8888,0
32.05,-8888,0,-8888,-8888,0
32.08,-8888,0,-8888,-8888,0
32.1,-8888,0,-8888,-8888,0
32.13,-8888,0,-8888,-8888,0
32.15,-8888,0,-8888,-8888,0
32.17,-8888,0,-8888,-8888,0
32.2,-8888,0,-8888,-8888,0
32.23,-8888,0,-8888,-8888,0
32.25,-8888,0,-8888,-8888,0
32.27,-8888,0,-8888,-8888,0
32.3,-8888,0,-8888,-8888,0
32.33,-8888,0,-8888,-8888,0
32.35,-8888,0,-8888,-8888,0
32.38,-8888,0,-8888,-8888,0
32.4,-8888,0,-8888,-8888,0
32.42,-8888,0,-8888,-8888,0
32.45,-8888,0,-8888,-8888,0
32.48,-8888,0,-8888,-8888,0
32.5,-8888,0,-8888,-8888,0
32.52,-8888,0,-8888,-8888,0
32.55,-8888,0,-8888,-8888,0
32.58,-8888,0,-8888,-8888,0
32.6,-8888,0,-8888,-8888,0
32.63,-8888,0,-8888,-8888,0
32.65,-8888,0,-8888,-8888,0
32.67,-8888,0,-8888,-8888,0
32.7,-8888,0,-8888,-8888,0
32.73,-8888,0,-8888,-8888,0
32.75,-8888,0,-8888,-8888,0
32.77,-8888,0,-8888,-8888,0
32.8,-8888,0,-8888,-8888,0
32.83,-8888,0,-8888,-8888,0
32.85,-8888,0,-8888,-8888,0
32.88,-8888,0,-8888,-8888,0
32.9,-8888,0,-8888,-8888,0
32.92,-8888,0,-8888,-8888,0
32.95,-8888,0,-8888,-8888,0
32.98,-8888,0,-8888,-8888,0
33,-8888,0,-8888,-8888,0
33.02,-8888,0,-8888,-8888,0
33.05,-8888,0,-8888,-8888,0
33.08,-8888,0,-8888,-8888,0
33.1,-8888,0,-8888,-8888,0
33.13,-8888,0,-8888,-8888,0
33.15,-8888,0,-8888,-8888,0
33.17,-8888,0,-8888,-8888,0
33.2,-8888,0,-8888,-8888,0
33.23,-8888,0,-8888,-8888,0
33.25,-8888,0,-8888,-8888,0
33.27,-8888,0,-8888,-8888,0
33.3,-8888,0,-8888,-8888,0
33.33,-8888,0,-8888,-8888,0
33.35,-8888,0,-8888,-8888,0
33.38,-8888,0,-8888,-8888,0
33.4,-8888,0,-8888,-8888,0
33.42,-8888,0,-8888,-8888,0
33.45,-8888,0,-8888,-8888,0
33.48,-8888,0,-8888,-8888,0
33.5,-8888,0,-8888,-8888,0
33.52,-8888,0,-8888,-8888,0
33.55,-8888,0,-8888,-8888,0
33.58,-8888,0,-8888,-8888,0
33.6,-8888,0,-8888,-8888,0
33.63,-8888,0,-8888,-8888,0
33.65,-8888,0,-8888,-8888,0
33.67,13.41,10.66,-8888,40.42,0
33.7,18.57,16.67,-8888,31.59,0
33.73,18.01,18.64,-8888,13.15,0
33.75,19.32,20.45,-8888,10.59,0
33.77,24.03,22.01,145.35,7.46,0
33.8,22.69,21.9,225.78,7.06,0
33.83,18.97,20.38,210.58,14.52,0
33.85,19.48,19.12,167.9,13.83,0
33.88,18.9,18.31,218.12,17.07,0
33.9,16.54,17.22,266.56,13.05,0
33.92,16.21,16.51,272.07,10.1,0
33.95,16.77,16.42,286.18,-0.29,0
33.98,16.27,17.31,151.04,7.06,0
34,18.91,18.3,107.11,4.91,0
34.02,19.71,20.29,96.57,21.68,0.4
34.05,22.23,21.7,111.83,15.99,0.8
34.08,23.15,23.29,113.5,23.05,1.2
34.1,24.46,24.18,140.36,23.94,1.6
34.13,24.91,25.01,200.68,12.95,2
34.15,25.64,25.43,186.98,18.84,2.4
34.17,25.72,25.2,115.07,59.55,2.8
34.2,24.23,24.11,154.47,47.28,3.2
34.23,22.34,23.47,256.28,32.86,3.6
34.25,23.83,23.11,208.76,18.74,4
34.27,23.13,22.96,247.95,22.17,4.4
34.3,21.89,22.19,177.95,37.38,4.8
34.33,21.53,21.71,193.61,27.08,5.2
34.35,21.69,22.17,185.12,38.55,5.6
34.38,23.26,23.52,121,26.78,6
34.4,25.6,24.8,158.15,18.93,6.4
34.42,25.53,25.2,115.76,13.44,6.8
34.45,24.46,25.58,144.06,33.65,7.2
34.48,26.74,26.56,139.63,59.74,7.6
34.5,28.47,26.43,256.94,36.89,8
34.52,24.06,23.94,337.61,27.96,7.6
34.55,19.27,20.89,199.69,11.28,7.2
34.58,19.34,19.48,201.94,12.85,6.8
34.6,19.81,20.39,182.3,30.21,6.4
34.63,22.02,21.2,155.45,14.13,6
34.65,21.76,22.77,174.92,1.37,5.6
34.67,24.53,24.6,198.94,33.75,5.2
34.7,27.5,26.36,196.98,33.55,4.8
34.73,27.03,27.03,170.68,2.45,4.4
34.75,26.56,25.62,200.57,8.24,4
34.77,23.27,25.12,279.93,9.52,3.6
34.8,25.52,24.29,295.99,7.95,3.2
34.83,24.06,24.12,281.58,11.97,2.8
34.85,22.77,23.08,265.39,9.52,2.4
34.88,22.43,22.39,265.21,-3.53,2
34.9,21.96,22.55,221.91,8.53,1.6
34.92,23.25,22.72,230.24,35.12,1.2
34.95,22.94,22.35,126.88,16.38,0.8
34.98,20.84,21.3,124.95,9.32,0.4
35,20.1,19.69,150.96,21.39,0
35.02,18.13,18.91,136.8,12.85,0.01
35.05,18.48,18.34,154.56,13.34,0.01
35.08,18.4,18.84,145.59,10.4,0.02
35.1,19.65,20.12,175.17,8.24,0.03
35.13,22.3,21.49,201.16,14.52,0.03
35.15,22.53,22.53,222.15,1.67,0.04
35.17,22.76,21.18,243.15,7.65,0.04
35.2,18.27,19.99,258.92,10.69,0.05
35.23,18.94,19.1,322.51,16.78,0.06
35.25,20.08,18.98,320.23,11.58,0.06
35.27,17.9,18.43,181.54,6.38,0.07
35.3,17.3,18.35,238.63,7.95,0.07
35.33,19.85,20.75,289.35,0,0.08
35.35,25.1,22.93,215.6,-1.86,0.09
35.38,23.84,23.61,227.71,22.66,0.09
35.4,21.88,22.29,262.77,4.81,0.1
35.42,21.14,21.01,233.78,5.4,0.11
35.45,20.02,20.89,106.85,8.93,0.11
35.48,21.51,20.85,55.36,-18.34,0.12
35.5,21.01,22.18,62.84,34.92,0.13
35.52,24,22.33,92.88,113.99,0.13
35.55,21.93,22.58,178.56,68.47,0.14
35.58,21.78,21.74,185.59,39.34,0.14
35.6,21.49,21.67,122.7,6.77,0.15
35.63,21.73,21.81,146.94,14.81,0.16
35.65,22.21,21.82,186.41,14.13,0.16
35.67,21.51,22.59,158.05,10.89,0.17
35.7,24.06,22.36,248.97,8.24,0.17
35.73,21.51,22.2,206.47,25.51,0.18
35.75,21.02,21.12,186.84,21.68,0.19
35.77,20.82,21.58,159.47,21.97,0.19
35.8,22.9,22.43,162.89,18.54,0.2
35.83,23.57,24.84,95.43,14.22,0.21
35.85,28.04,26.01,115.55,18.64,0.21
35.88,26.41,24.92,91.82,-0.49,0.22
35.9,20.31,22.78,234.12,21.78,0.23
35.92,21.61,21.72,267.4,15.6,0.23
35.95,23.22,23.2,235.73,11.58,0.24
35.98,24.77,24.19,233.34,19.82,0.24
36,24.58,24.91,248.32,10.69,0.25
36.02,25.38,25.15,225.03,21.68,0.26
36.05,25.47,25.79,116.61,29.33,0.26
36.08,26.51,25.87,207.22,37.77,0.27
36.1,25.63,25.63,212.42,0.98,0.28
36.13,24.75,25.04,217.62,1.37,0.28
36.15,24.74,23.52,222.82,7.26,0.29
36.17,21.06,22.06,215.19,11.87,0.29
36.2,20.38,20.67,254.15,8.93,0.3
36.23,20.57,22.37,320.83,6.87,0.31
36.25,26.17,22.46,183.43,0.78,0.31
36.27,20.65,23.77,135.51,1.47,0.32
36.3,24.48,21.14,277.43,2.55,0.33
36.33,18.28,19.98,178.69,0.59,0.33
36.35,17.17,17.4,92.99,4.02,0.34
36.38,16.76,16.7,51,-0.59,0.34
36.4,16.17,17.75,81.8,-0.2,0.35
36.42,20.34,18.34,200.41,2.26,0.36
36.45,18.52,19.25,325.61,0.78,0.36
36.48,18.9,18.15,320.02,4.02,0.37
36.5,17.02,18.03,227.25,6.67,0.38
36.52,18.16,17.94,256.84,0.69,0.38
36.55,18.63,18.5,235.28,2.94,0.39
36.58,18.71,19.23,240.61,5.89,0.39
36.6,20.33,19.24,262.88,-5,0.4
36.63,18.68,18.86,203.88,5.59,0.41
36.65,17.55,16.58,260.59,6.47,0.41
36.67,13.51,16.57,249.52,0.98,0.42
36.7,18.66,18.53,588.59,3.14,0.42
36.73,23.43,23.53,661.17,7.26,0.43
36.75,28.48,25.83,693.87,7.26,0.44
36.77,25.57,25.58,535.74,10.79,0.44
36.8,22.66,24.04,506.37,18.34,0.45
36.83,23.87,22.67,201.89,2.06,0.46
36.85,21.48,20.99,201.39,2.45,0.46
36.88,17.62,23.46,323.36,2.45,0.47
36.9,31.29,24.93,452.62,4.12,0.47
36.92,25.86,30.1,666.02,5.69,0.48
36.95,33.13,24.94,803.63,6.47,0.49
36.98,15.82,24.08,163.65,-0.49,0.49
37,23.3,19.77,253.02,3.34,0.5
37.02,20.18,23.68,137.07,2.65,0.51
37.05,27.56,22.91,222.5,3.14,0.51
37.08,21,22.55,125.43,3.04,0.52
37.1,19.11,18.77,227.75,2.55,0.53
37.13,16.21,17.89,124.94,1.96,0.53
37.15,18.36,18.02,385.83,8.83,0.54
37.17,19.5,18.82,322.93,3.04,0.54
37.2,18.59,17.94,363.24,3.73,0.55
37.23,15.73,16.24,494.68,9.22,0.56
37.25,14.41,14.82,275.43,3.34,0.56
37.27,14.33,16.08,355.69,1.47,0.57
37.3,19.5,18.15,506.52,13.64,0.57
37.33,20.62,21.38,493.46,18.84,0.58
37.35,23.99,23.23,569.75,10.59,0.59
37.38,25.07,24.2,565.6,9.91,0.59
37.4,23.52,25.21,391.13,26.59,0.6
37.42,27.03,27.68,400.68,26.29,0.61
37.45,32.48,28.59,565.79,26.68,0.61
37.48,26.26,29.51,467.44,2.65,0.62
37.5,29.77,26.87,369.1,3.14,0.63
37.52,24.58,22.82,270.75,7.46,0.63
37.55,14.1,18.83,288.87,3.34,0.64
37.58,17.8,15.01,381.59,9.81,0.64
37.6,13.13,16.61,273.36,3.92,0.65
37.63,18.91,18.91,219.13,2.94,0.66
37.65,24.7,20.9,132.21,3.92,0.66
37.67,19.08,20.91,69.84,1.28,0.67
37.7,18.94,16.24,245.15,3.04,0.68
37.73,10.7,14.5,82.48,2.55,0.68
37.75,13.85,14.93,79.39,-1.18,0.69
37.77,20.22,17.53,130.3,5.49,0.69
37.8,18.51,17.65,221.28,-0.69,0.7
37.83,14.22,16.2,171.11,1.86,0.71
37.85,15.87,16.14,280.96,4.51,0.71
37.88,18.34,17.87,324.6,0.49,0.72
37.9,19.4,19.53,184.31,4.22,0.72
37.92,20.86,20.18,177.01,5.1,0.73
37.95,20.28,20.23,139.92,3.14,0.74
37.98,19.54,19.13,123.03,4.32,0.74
38,17.58,17.21,84.18,3.92,0.75
38.02,14.53,14.9,98.36,2.55,0.76
38.05,12.6,12.23,199.17,3.34,0.76
38.08,9.56,9.58,245.2,3.73,0.77
38.1,6.59,7.65,279.82,3.92,0.78
38.13,6.81,6.73,290.34,5.3,0.78
38.15,6.8,7.47,261.84,5.89,0.79
38.17,8.81,8.03,281.49,6.97,0.79
38.2,8.48,9.34,192.27,5.49,0.8
38.23,10.74,9.97,196.55,4.22,0.81
38.25,10.69,10.44,187.55,4.41,0.81
38.27,9.89,9.63,196.57,5.59,0.82
38.3,8.31,9.49,244.42,5.59,0.82
38.33,10.27,12.52,282.19,7.26,0.83
38.35,18.98,18.18,432.22,11.38,0.84
38.38,25.27,17.74,539.94,13.15,0.84
38.4,8.95,13.47,445.65,6.57,0.85
38.42,6.2,6.21,431.69,7.16,0.86
38.45,3.49,5.64,386.68,3.92,0.86
38.48,7.24,6.13,363.33,4.02,0.87
38.5,7.66,6.35,323.17,4.12,0.88
38.52,4.15,5.35,345.58,-3.34,0.88
38.55,4.25,4.25,368,7.75,0.89
38.58,4.34,4.88,278.38,5.49,0.89
38.6,6.04,6.41,337.83,5.4,0.9
38.63,8.84,9.82,120.69,5.49,0.91
38.65,14.56,12.39,244.39,1.96,0.91
38.67,13.77,13.1,141.59,1.86,0.92
38.7,10.97,13.24,140.77,4.02,0.93
38.73,14.97,11.93,139.94,2.55,0.93
38.75,9.84,11.34,198.41,0.88,0.94
38.77,9.2,9.2,259.87,0.78,0.94
38.8,8.56,8.17,321.34,2.75,0.95
38.83,6.76,7.75,400.43,3.04,0.96
38.85,7.93,6.68,443.57,4.51,0.96
38.88,5.35,9.17,439.35,3.34,0.97
38.9,14.23,15.12,656.12,5.4,0.97
38.92,25.76,18.8,762.44,5.69,0.98
38.95,16.4,16.4,557.58,4.41,0.99
38.98,7.03,11.19,352.72,2.94,0.99
39,10.13,12.04,434.79,3.73,1
39.02,18.95,15.97,279.38,2.55,0.97
39.05,18.81,18.89,441.6,3.83,0.95
39.08,18.91,15.06,533.72,3.63,0.93
39.1,7.46,12.92,320.86,2.55,0.9
39.13,12.39,9.53,175.93,1.96,0.88
39.15,8.75,10.7,45.57,0.88,0.85
39.17,10.96,12.38,28.44,0.88,0.82
39.2,17.45,14.75,74.14,1.57,0.8
39.23,15.83,15.83,47.05,0.39,0.78
39.25,14.22,10.02,19.97,0.88,0.75
39.28,0,4.74,0,-8888,0.72
39.3,0,0,0,-8888,0.7
39.33,0,0,0,-8888,0.67
39.35,0,0,0,-8888,0.65
39.38,-8888,0,-8888,-8888,0.62
39.4,-8888,0,-8888,-8888,0.6
39.43,-8888,0,-8888,-8888,0.57
39.45,-8888,0,-8888,-8888,0.55
39.48,-8888,0,-8888,-8888,0.52
39.5,-8888,0,-8888,-8888,0.5
39.53,-8888,0,-8888,-8888,0.47
39.55,-8888,0,-8888,-8888,0.45
39.58,-8888,0,-8888,-8888,0.42
39.6,-8888,0,-8888,-8888,0.4
39.63,-8888,0,-8888,-8888,0.37
39.65,-8888,0,-8888,-8888,0.35
39.68,-8888,0,-8888,-8888,0.32
39.7,-8888,0,-8888,-8888,0.3
39.73,-8888,0,-8888,-8888,0.27
39.75,-8888,0,-8888,-8888,0.25
39.78,-8888,0,-8888,-8888,0.22
39.8,-8888,0,-8888,-8888,0.2
39.83,-8888,0,-8888,-8888,0.17
39.85,-8888,0,-8888,-8888,0.15
39.88,-8888,0,-8888,-8888,0.12
39.9,-8888,0,-8888,-8888,0.1
39.93,-8888,0,-8888,-8888,0.07
39.95,-8888,0,-8888,-8888,0.05
39.98,-8888,0,-8888,-8888,0.02
40,-8888,0,-8888,-8888,0
